{
    "SLAW": 1753622082.1496363,
    "TWEBB": 1753739673.2019308
}